<?xml version="1.0" encoding="UTF-8"?>
<metadata xml:lang="en"><Esri><CreaDate>20240531</CreaDate><CreaTime>13401900</CreaTime><ArcGISFormat>1.0</ArcGISFormat><SyncOnce>FALSE</SyncOnce><DataProperties><itemProps><itemName Sync="TRUE">Voting_Precincts_New1</itemName><imsContentType Sync="TRUE">002</imsContentType><itemLocation><linkage Sync="TRUE">file://\\IG0819WA0005264\C$\Users\ig09024\OneDrive - TN Office of the Comptroller\Desktop\Statewide District Lookup\Redistricting Address Lookup.gdb</linkage><protocol Sync="TRUE">Local Area Network</protocol></itemLocation></itemProps><coordRef><type Sync="TRUE">Projected</type><geogcsn Sync="TRUE">GCS_North_American_1983</geogcsn><csUnits Sync="TRUE">Linear Unit: Foot_US (0.304801)</csUnits><projcsn Sync="TRUE">NAD_1983_StatePlane_Tennessee_FIPS_4100_Feet</projcsn><peXml Sync="TRUE">&lt;ProjectedCoordinateSystem xsi:type='typens:ProjectedCoordinateSystem' xmlns:xsi='http://www.w3.org/2001/XMLSchema-instance' xmlns:xs='http://www.w3.org/2001/XMLSchema' xmlns:typens='http://www.esri.com/schemas/ArcGIS/10.8'&gt;&lt;WKT&gt;PROJCS[&amp;quot;NAD_1983_StatePlane_Tennessee_FIPS_4100_Feet&amp;quot;,GEOGCS[&amp;quot;GCS_North_American_1983&amp;quot;,DATUM[&amp;quot;D_North_American_1983&amp;quot;,SPHEROID[&amp;quot;GRS_1980&amp;quot;,6378137.0,298.257222101]],PRIMEM[&amp;quot;Greenwich&amp;quot;,0.0],UNIT[&amp;quot;Degree&amp;quot;,0.0174532925199433]],PROJECTION[&amp;quot;Lambert_Conformal_Conic&amp;quot;],PARAMETER[&amp;quot;False_Easting&amp;quot;,1968500.0],PARAMETER[&amp;quot;False_Northing&amp;quot;,0.0],PARAMETER[&amp;quot;Central_Meridian&amp;quot;,-86.0],PARAMETER[&amp;quot;Standard_Parallel_1&amp;quot;,35.25],PARAMETER[&amp;quot;Standard_Parallel_2&amp;quot;,36.41666666666666],PARAMETER[&amp;quot;Latitude_Of_Origin&amp;quot;,34.33333333333334],UNIT[&amp;quot;Foot_US&amp;quot;,0.3048006096012192],AUTHORITY[&amp;quot;EPSG&amp;quot;,2274]]&lt;/WKT&gt;&lt;XOrigin&gt;-121521300&lt;/XOrigin&gt;&lt;YOrigin&gt;-93934000&lt;/YOrigin&gt;&lt;XYScale&gt;3048.0060960121914&lt;/XYScale&gt;&lt;ZOrigin&gt;-100000&lt;/ZOrigin&gt;&lt;ZScale&gt;10000&lt;/ZScale&gt;&lt;MOrigin&gt;-100000&lt;/MOrigin&gt;&lt;MScale&gt;10000&lt;/MScale&gt;&lt;XYTolerance&gt;0.0032808333333333335&lt;/XYTolerance&gt;&lt;ZTolerance&gt;0.001&lt;/ZTolerance&gt;&lt;MTolerance&gt;0.001&lt;/MTolerance&gt;&lt;HighPrecision&gt;true&lt;/HighPrecision&gt;&lt;WKID&gt;102736&lt;/WKID&gt;&lt;LatestWKID&gt;2274&lt;/LatestWKID&gt;&lt;/ProjectedCoordinateSystem&gt;</peXml></coordRef><lineage><Process ToolSource="c:\program files (x86)\arcgis\desktop10.8\ArcToolbox\Toolboxes\Data Management Tools.tbx\Merge" Date="20220104" Time="154740">Merge 'C:\Users\ig09024\OneDrive - TN Office of the Comptroller\Desktop\Statewide District Lookup\Voting Precincts.gdb\VTD_Final_001';'C:\Users\ig09024\OneDrive - TN Office of the Comptroller\Desktop\Statewide District Lookup\Voting Precincts.gdb\VTD_Final_003';'C:\Users\ig09024\OneDrive - TN Office of the Comptroller\Desktop\Statewide District Lookup\Voting Precincts.gdb\VTD_Final_005';'C:\Users\ig09024\OneDrive - TN Office of the Comptroller\Desktop\Statewide District Lookup\Voting Precincts.gdb\VTD_Final_007';'C:\Users\ig09024\OneDrive - TN Office of the Comptroller\Desktop\Statewide District Lookup\Voting Precincts.gdb\VTD_Final_009';'C:\Users\ig09024\OneDrive - TN Office of the Comptroller\Desktop\Statewide District Lookup\Voting Precincts.gdb\VTD_Final_015';'C:\Users\ig09024\OneDrive - TN Office of the Comptroller\Desktop\Statewide District Lookup\Voting Precincts.gdb\VTD_Final_017';'C:\Users\ig09024\OneDrive - TN Office of the Comptroller\Desktop\Statewide District Lookup\Voting Precincts.gdb\VTD_Final_019';'C:\Users\ig09024\OneDrive - TN Office of the Comptroller\Desktop\Statewide District Lookup\Voting Precincts.gdb\VTD_Final_023';'C:\Users\ig09024\OneDrive - TN Office of the Comptroller\Desktop\Statewide District Lookup\Voting Precincts.gdb\VTD_Final_025';'C:\Users\ig09024\OneDrive - TN Office of the Comptroller\Desktop\Statewide District Lookup\Voting Precincts.gdb\VTD_Final_029';'C:\Users\ig09024\OneDrive - TN Office of the Comptroller\Desktop\Statewide District Lookup\Voting Precincts.gdb\VTD_Final_031';'C:\Users\ig09024\OneDrive - TN Office of the Comptroller\Desktop\Statewide District Lookup\Voting Precincts.gdb\VTD_Final_033';'C:\Users\ig09024\OneDrive - TN Office of the Comptroller\Desktop\Statewide District Lookup\Voting Precincts.gdb\VTD_Final_035';'C:\Users\ig09024\OneDrive - TN Office of the Comptroller\Desktop\Statewide District Lookup\Voting Precincts.gdb\VTD_Final_039';'C:\Users\ig09024\OneDrive - TN Office of the Comptroller\Desktop\Statewide District Lookup\Voting Precincts.gdb\VTD_Final_041';'C:\Users\ig09024\OneDrive - TN Office of the Comptroller\Desktop\Statewide District Lookup\Voting Precincts.gdb\VTD_Final_045';'C:\Users\ig09024\OneDrive - TN Office of the Comptroller\Desktop\Statewide District Lookup\Voting Precincts.gdb\VTD_Final_047';'C:\Users\ig09024\OneDrive - TN Office of the Comptroller\Desktop\Statewide District Lookup\Voting Precincts.gdb\VTD_Final_049';'C:\Users\ig09024\OneDrive - TN Office of the Comptroller\Desktop\Statewide District Lookup\Voting Precincts.gdb\VTD_Final_051';'C:\Users\ig09024\OneDrive - TN Office of the Comptroller\Desktop\Statewide District Lookup\Voting Precincts.gdb\VTD_Final_053';'C:\Users\ig09024\OneDrive - TN Office of the Comptroller\Desktop\Statewide District Lookup\Voting Precincts.gdb\VTD_Final_055';'C:\Users\ig09024\OneDrive - TN Office of the Comptroller\Desktop\Statewide District Lookup\Voting Precincts.gdb\VTD_Final_057';'C:\Users\ig09024\OneDrive - TN Office of the Comptroller\Desktop\Statewide District Lookup\Voting Precincts.gdb\VTD_Final_059';'C:\Users\ig09024\OneDrive - TN Office of the Comptroller\Desktop\Statewide District Lookup\Voting Precincts.gdb\VTD_Final_061';'C:\Users\ig09024\OneDrive - TN Office of the Comptroller\Desktop\Statewide District Lookup\Voting Precincts.gdb\VTD_Final_063';'C:\Users\ig09024\OneDrive - TN Office of the Comptroller\Desktop\Statewide District Lookup\Voting Precincts.gdb\VTD_Final_065';'C:\Users\ig09024\OneDrive - TN Office of the Comptroller\Desktop\Statewide District Lookup\Voting Precincts.gdb\VTD_Final_067';'C:\Users\ig09024\OneDrive - TN Office of the Comptroller\Desktop\Statewide District Lookup\Voting Precincts.gdb\VTD_Final_069';'C:\Users\ig09024\OneDrive - TN Office of the Comptroller\Desktop\Statewide District Lookup\Voting Precincts.gdb\VTD_Final_071';'C:\Users\ig09024\OneDrive - TN Office of the Comptroller\Desktop\Statewide District Lookup\Voting Precincts.gdb\VTD_Final_073';'C:\Users\ig09024\OneDrive - TN Office of the Comptroller\Desktop\Statewide District Lookup\Voting Precincts.gdb\VTD_Final_075';'C:\Users\ig09024\OneDrive - TN Office of the Comptroller\Desktop\Statewide District Lookup\Voting Precincts.gdb\VTD_Final_077';'C:\Users\ig09024\OneDrive - TN Office of the Comptroller\Desktop\Statewide District Lookup\Voting Precincts.gdb\VTD_Final_079';'C:\Users\ig09024\OneDrive - TN Office of the Comptroller\Desktop\Statewide District Lookup\Voting Precincts.gdb\VTD_Final_081';'C:\Users\ig09024\OneDrive - TN Office of the Comptroller\Desktop\Statewide District Lookup\Voting Precincts.gdb\VTD_Final_083';'C:\Users\ig09024\OneDrive - TN Office of the Comptroller\Desktop\Statewide District Lookup\Voting Precincts.gdb\VTD_Final_085';'C:\Users\ig09024\OneDrive - TN Office of the Comptroller\Desktop\Statewide District Lookup\Voting Precincts.gdb\VTD_Final_087';'C:\Users\ig09024\OneDrive - TN Office of the Comptroller\Desktop\Statewide District Lookup\Voting Precincts.gdb\VTD_Final_089';'C:\Users\ig09024\OneDrive - TN Office of the Comptroller\Desktop\Statewide District Lookup\Voting Precincts.gdb\VTD_Final_091';'C:\Users\ig09024\OneDrive - TN Office of the Comptroller\Desktop\Statewide District Lookup\Voting Precincts.gdb\VTD_Final_095';'C:\Users\ig09024\OneDrive - TN Office of the Comptroller\Desktop\Statewide District Lookup\Voting Precincts.gdb\VTD_Final_097';'C:\Users\ig09024\OneDrive - TN Office of the Comptroller\Desktop\Statewide District Lookup\Voting Precincts.gdb\VTD_Final_099';'C:\Users\ig09024\OneDrive - TN Office of the Comptroller\Desktop\Statewide District Lookup\Voting Precincts.gdb\VTD_Final_101';'C:\Users\ig09024\OneDrive - TN Office of the Comptroller\Desktop\Statewide District Lookup\Voting Precincts.gdb\VTD_Final_103';'C:\Users\ig09024\OneDrive - TN Office of the Comptroller\Desktop\Statewide District Lookup\Voting Precincts.gdb\VTD_Final_105';'C:\Users\ig09024\OneDrive - TN Office of the Comptroller\Desktop\Statewide District Lookup\Voting Precincts.gdb\VTD_Final_107';'C:\Users\ig09024\OneDrive - TN Office of the Comptroller\Desktop\Statewide District Lookup\Voting Precincts.gdb\VTD_Final_109';'C:\Users\ig09024\OneDrive - TN Office of the Comptroller\Desktop\Statewide District Lookup\Voting Precincts.gdb\VTD_Final_111';'C:\Users\ig09024\OneDrive - TN Office of the Comptroller\Desktop\Statewide District Lookup\Voting Precincts.gdb\VTD_Final_113';'C:\Users\ig09024\OneDrive - TN Office of the Comptroller\Desktop\Statewide District Lookup\Voting Precincts.gdb\VTD_Final_115';'C:\Users\ig09024\OneDrive - TN Office of the Comptroller\Desktop\Statewide District Lookup\Voting Precincts.gdb\VTD_Final_117';'C:\Users\ig09024\OneDrive - TN Office of the Comptroller\Desktop\Statewide District Lookup\Voting Precincts.gdb\VTD_Final_119';'C:\Users\ig09024\OneDrive - TN Office of the Comptroller\Desktop\Statewide District Lookup\Voting Precincts.gdb\VTD_Final_121';'C:\Users\ig09024\OneDrive - TN Office of the Comptroller\Desktop\Statewide District Lookup\Voting Precincts.gdb\VTD_Final_125';'C:\Users\ig09024\OneDrive - TN Office of the Comptroller\Desktop\Statewide District Lookup\Voting Precincts.gdb\VTD_Final_127';'C:\Users\ig09024\OneDrive - TN Office of the Comptroller\Desktop\Statewide District Lookup\Voting Precincts.gdb\VTD_Final_129';'C:\Users\ig09024\OneDrive - TN Office of the Comptroller\Desktop\Statewide District Lookup\Voting Precincts.gdb\VTD_Final_131';'C:\Users\ig09024\OneDrive - TN Office of the Comptroller\Desktop\Statewide District Lookup\Voting Precincts.gdb\VTD_Final_133';'C:\Users\ig09024\OneDrive - TN Office of the Comptroller\Desktop\Statewide District Lookup\Voting Precincts.gdb\VTD_Final_133_1';'C:\Users\ig09024\OneDrive - TN Office of the Comptroller\Desktop\Statewide District Lookup\Voting Precincts.gdb\VTD_Final_135';'C:\Users\ig09024\OneDrive - TN Office of the Comptroller\Desktop\Statewide District Lookup\Voting Precincts.gdb\VTD_Final_137';'C:\Users\ig09024\OneDrive - TN Office of the Comptroller\Desktop\Statewide District Lookup\Voting Precincts.gdb\VTD_Final_139';'C:\Users\ig09024\OneDrive - TN Office of the Comptroller\Desktop\Statewide District Lookup\Voting Precincts.gdb\VTD_Final_141';'C:\Users\ig09024\OneDrive - TN Office of the Comptroller\Desktop\Statewide District Lookup\Voting Precincts.gdb\VTD_Final_143';'C:\Users\ig09024\OneDrive - TN Office of the Comptroller\Desktop\Statewide District Lookup\Voting Precincts.gdb\VTD_Final_147';'C:\Users\ig09024\OneDrive - TN Office of the Comptroller\Desktop\Statewide District Lookup\Voting Precincts.gdb\VTD_Final_149';'C:\Users\ig09024\OneDrive - TN Office of the Comptroller\Desktop\Statewide District Lookup\Voting Precincts.gdb\VTD_Final_151';'C:\Users\ig09024\OneDrive - TN Office of the Comptroller\Desktop\Statewide District Lookup\Voting Precincts.gdb\VTD_Final_153';'C:\Users\ig09024\OneDrive - TN Office of the Comptroller\Desktop\Statewide District Lookup\Voting Precincts.gdb\VTD_Final_155';'C:\Users\ig09024\OneDrive - TN Office of the Comptroller\Desktop\Statewide District Lookup\Voting Precincts.gdb\VTD_Final_159';'C:\Users\ig09024\OneDrive - TN Office of the Comptroller\Desktop\Statewide District Lookup\Voting Precincts.gdb\VTD_Final_163';'C:\Users\ig09024\OneDrive - TN Office of the Comptroller\Desktop\Statewide District Lookup\Voting Precincts.gdb\VTD_Final_165';'C:\Users\ig09024\OneDrive - TN Office of the Comptroller\Desktop\Statewide District Lookup\Voting Precincts.gdb\VTD_Final_167';'C:\Users\ig09024\OneDrive - TN Office of the Comptroller\Desktop\Statewide District Lookup\Voting Precincts.gdb\VTD_Final_169';'C:\Users\ig09024\OneDrive - TN Office of the Comptroller\Desktop\Statewide District Lookup\Voting Precincts.gdb\VTD_Final_171';'C:\Users\ig09024\OneDrive - TN Office of the Comptroller\Desktop\Statewide District Lookup\Voting Precincts.gdb\VTD_Final_173';'C:\Users\ig09024\OneDrive - TN Office of the Comptroller\Desktop\Statewide District Lookup\Voting Precincts.gdb\VTD_Final_177';'C:\Users\ig09024\OneDrive - TN Office of the Comptroller\Desktop\Statewide District Lookup\Voting Precincts.gdb\VTD_Final_179';'C:\Users\ig09024\OneDrive - TN Office of the Comptroller\Desktop\Statewide District Lookup\Voting Precincts.gdb\VTD_Final_181';'C:\Users\ig09024\OneDrive - TN Office of the Comptroller\Desktop\Statewide District Lookup\Voting Precincts.gdb\VTD_Final_183';'C:\Users\ig09024\OneDrive - TN Office of the Comptroller\Desktop\Statewide District Lookup\Voting Precincts.gdb\VTD_Final_185';'C:\Users\ig09024\OneDrive - TN Office of the Comptroller\Desktop\Statewide District Lookup\Voting Precincts.gdb\VTD_Final_187';'C:\Users\ig09024\OneDrive - TN Office of the Comptroller\Desktop\Statewide District Lookup\Voting Precincts.gdb\VTD_Final_189' "C:\Users\ig09024\OneDrive - TN Office of the Comptroller\Desktop\Statewide District Lookup\Redistricting Address Lookup.gdb\Voting_Precincts_New1" "COUNTY "COUNTY" true true false 3 Text 0 0 ,First,#,C:\Users\ig09024\OneDrive - TN Office of the Comptroller\Desktop\Statewide District Lookup\Voting Precincts.gdb\VTD_Final_001,COUNTY,-1,-1,C:\Users\ig09024\OneDrive - TN Office of the Comptroller\Desktop\Statewide District Lookup\Voting Precincts.gdb\VTD_Final_003,COUNTY,-1,-1,C:\Users\ig09024\OneDrive - TN Office of the Comptroller\Desktop\Statewide District Lookup\Voting Precincts.gdb\VTD_Final_005,COUNTY,-1,-1,C:\Users\ig09024\OneDrive - TN Office of the Comptroller\Desktop\Statewide District Lookup\Voting Precincts.gdb\VTD_Final_007,COUNTY,-1,-1,C:\Users\ig09024\OneDrive - TN Office of the Comptroller\Desktop\Statewide District Lookup\Voting Precincts.gdb\VTD_Final_009,COUNTY,-1,-1,C:\Users\ig09024\OneDrive - TN Office of the Comptroller\Desktop\Statewide District Lookup\Voting Precincts.gdb\VTD_Final_015,COUNTY,-1,-1,C:\Users\ig09024\OneDrive - TN Office of the Comptroller\Desktop\Statewide District Lookup\Voting Precincts.gdb\VTD_Final_017,COUNTY,-1,-1,C:\Users\ig09024\OneDrive - TN Office of the Comptroller\Desktop\Statewide District Lookup\Voting Precincts.gdb\VTD_Final_019,COUNTY,-1,-1,C:\Users\ig09024\OneDrive - TN Office of the Comptroller\Desktop\Statewide District Lookup\Voting Precincts.gdb\VTD_Final_023,COUNTY,-1,-1,C:\Users\ig09024\OneDrive - TN Office of the Comptroller\Desktop\Statewide District Lookup\Voting Precincts.gdb\VTD_Final_025,COUNTY,-1,-1,C:\Users\ig09024\OneDrive - TN Office of the Comptroller\Desktop\Statewide District Lookup\Voting Precincts.gdb\VTD_Final_029,COUNTY,-1,-1,C:\Users\ig09024\OneDrive - TN Office of the Comptroller\Desktop\Statewide District Lookup\Voting Precincts.gdb\VTD_Final_031,COUNTY,-1,-1,C:\Users\ig09024\OneDrive - TN Office of the Comptroller\Desktop\Statewide District Lookup\Voting Precincts.gdb\VTD_Final_033,COUNTY,-1,-1,C:\Users\ig09024\OneDrive - TN Office of the Comptroller\Desktop\Statewide District Lookup\Voting Precincts.gdb\VTD_Final_035,COUNTY,-1,-1,C:\Users\ig09024\OneDrive - TN Office of the Comptroller\Desktop\Statewide District Lookup\Voting Precincts.gdb\VTD_Final_039,COUNTY,-1,-1,C:\Users\ig09024\OneDrive - TN Office of the Comptroller\Desktop\Statewide District Lookup\Voting Precincts.gdb\VTD_Final_041,COUNTY,-1,-1,C:\Users\ig09024\OneDrive - TN Office of the Comptroller\Desktop\Statewide District Lookup\Voting Precincts.gdb\VTD_Final_045,COUNTY,-1,-1,C:\Users\ig09024\OneDrive - TN Office of the Comptroller\Desktop\Statewide District Lookup\Voting Precincts.gdb\VTD_Final_047,COUNTY,-1,-1,C:\Users\ig09024\OneDrive - TN Office of the Comptroller\Desktop\Statewide District Lookup\Voting Precincts.gdb\VTD_Final_049,COUNTY,-1,-1,C:\Users\ig09024\OneDrive - TN Office of the Comptroller\Desktop\Statewide District Lookup\Voting Precincts.gdb\VTD_Final_051,COUNTY,-1,-1,C:\Users\ig09024\OneDrive - TN Office of the Comptroller\Desktop\Statewide District Lookup\Voting Precincts.gdb\VTD_Final_053,COUNTY,-1,-1,C:\Users\ig09024\OneDrive - TN Office of the Comptroller\Desktop\Statewide District Lookup\Voting Precincts.gdb\VTD_Final_055,COUNTY,-1,-1,C:\Users\ig09024\OneDrive - TN Office of the Comptroller\Desktop\Statewide District Lookup\Voting Precincts.gdb\VTD_Final_057,COUNTY,-1,-1,C:\Users\ig09024\OneDrive - TN Office of the Comptroller\Desktop\Statewide District Lookup\Voting Precincts.gdb\VTD_Final_059,COUNTY,-1,-1,C:\Users\ig09024\OneDrive - TN Office of the Comptroller\Desktop\Statewide District Lookup\Voting Precincts.gdb\VTD_Final_061,COUNTY,-1,-1,C:\Users\ig09024\OneDrive - TN Office of the Comptroller\Desktop\Statewide District Lookup\Voting Precincts.gdb\VTD_Final_063,COUNTY,-1,-1,C:\Users\ig09024\OneDrive - TN Office of the Comptroller\Desktop\Statewide District Lookup\Voting Precincts.gdb\VTD_Final_065,COUNTY,-1,-1,C:\Users\ig09024\OneDrive - TN Office of the Comptroller\Desktop\Statewide District Lookup\Voting Precincts.gdb\VTD_Final_067,COUNTY,-1,-1,C:\Users\ig09024\OneDrive - TN Office of the Comptroller\Desktop\Statewide District Lookup\Voting Precincts.gdb\VTD_Final_069,COUNTY,-1,-1,C:\Users\ig09024\OneDrive - TN Office of the Comptroller\Desktop\Statewide District Lookup\Voting Precincts.gdb\VTD_Final_071,COUNTY,-1,-1,C:\Users\ig09024\OneDrive - TN Office of the Comptroller\Desktop\Statewide District Lookup\Voting Precincts.gdb\VTD_Final_073,COUNTY,-1,-1,C:\Users\ig09024\OneDrive - TN Office of the Comptroller\Desktop\Statewide District Lookup\Voting Precincts.gdb\VTD_Final_075,COUNTY,-1,-1,C:\Users\ig09024\OneDrive - TN Office of the Comptroller\Desktop\Statewide District Lookup\Voting Precincts.gdb\VTD_Final_077,COUNTY,-1,-1,C:\Users\ig09024\OneDrive - TN Office of the Comptroller\Desktop\Statewide District Lookup\Voting Precincts.gdb\VTD_Final_079,COUNTY,-1,-1,C:\Users\ig09024\OneDrive - TN Office of the Comptroller\Desktop\Statewide District Lookup\Voting Precincts.gdb\VTD_Final_081,COUNTY,-1,-1,C:\Users\ig09024\OneDrive - TN Office of the Comptroller\Desktop\Statewide District Lookup\Voting Precincts.gdb\VTD_Final_083,COUNTY,-1,-1,C:\Users\ig09024\OneDrive - TN Office of the Comptroller\Desktop\Statewide District Lookup\Voting Precincts.gdb\VTD_Final_085,COUNTY,-1,-1,C:\Users\ig09024\OneDrive - TN Office of the Comptroller\Desktop\Statewide District Lookup\Voting Precincts.gdb\VTD_Final_087,COUNTY,-1,-1,C:\Users\ig09024\OneDrive - TN Office of the Comptroller\Desktop\Statewide District Lookup\Voting Precincts.gdb\VTD_Final_089,COUNTY,-1,-1,C:\Users\ig09024\OneDrive - TN Office of the Comptroller\Desktop\Statewide District Lookup\Voting Precincts.gdb\VTD_Final_091,COUNTY,-1,-1,C:\Users\ig09024\OneDrive - TN Office of the Comptroller\Desktop\Statewide District Lookup\Voting Precincts.gdb\VTD_Final_095,COUNTY,-1,-1,C:\Users\ig09024\OneDrive - TN Office of the Comptroller\Desktop\Statewide District Lookup\Voting Precincts.gdb\VTD_Final_097,COUNTY,-1,-1,C:\Users\ig09024\OneDrive - TN Office of the Comptroller\Desktop\Statewide District Lookup\Voting Precincts.gdb\VTD_Final_099,COUNTY,-1,-1,C:\Users\ig09024\OneDrive - TN Office of the Comptroller\Desktop\Statewide District Lookup\Voting Precincts.gdb\VTD_Final_101,COUNTY,-1,-1,C:\Users\ig09024\OneDrive - TN Office of the Comptroller\Desktop\Statewide District Lookup\Voting Precincts.gdb\VTD_Final_103,COUNTY,-1,-1,C:\Users\ig09024\OneDrive - TN Office of the Comptroller\Desktop\Statewide District Lookup\Voting Precincts.gdb\VTD_Final_105,COUNTY,-1,-1,C:\Users\ig09024\OneDrive - TN Office of the Comptroller\Desktop\Statewide District Lookup\Voting Precincts.gdb\VTD_Final_107,COUNTY,-1,-1,C:\Users\ig09024\OneDrive - TN Office of the Comptroller\Desktop\Statewide District Lookup\Voting Precincts.gdb\VTD_Final_109,COUNTY,-1,-1,C:\Users\ig09024\OneDrive - TN Office of the Comptroller\Desktop\Statewide District Lookup\Voting Precincts.gdb\VTD_Final_111,COUNTY,-1,-1,C:\Users\ig09024\OneDrive - TN Office of the Comptroller\Desktop\Statewide District Lookup\Voting Precincts.gdb\VTD_Final_113,COUNTY,-1,-1,C:\Users\ig09024\OneDrive - TN Office of the Comptroller\Desktop\Statewide District Lookup\Voting Precincts.gdb\VTD_Final_115,COUNTY,-1,-1,C:\Users\ig09024\OneDrive - TN Office of the Comptroller\Desktop\Statewide District Lookup\Voting Precincts.gdb\VTD_Final_117,COUNTY,-1,-1,C:\Users\ig09024\OneDrive - TN Office of the Comptroller\Desktop\Statewide District Lookup\Voting Precincts.gdb\VTD_Final_119,COUNTY,-1,-1,C:\Users\ig09024\OneDrive - TN Office of the Comptroller\Desktop\Statewide District Lookup\Voting Precincts.gdb\VTD_Final_121,COUNTY,-1,-1,C:\Users\ig09024\OneDrive - TN Office of the Comptroller\Desktop\Statewide District Lookup\Voting Precincts.gdb\VTD_Final_125,COUNTY,-1,-1,C:\Users\ig09024\OneDrive - TN Office of the Comptroller\Desktop\Statewide District Lookup\Voting Precincts.gdb\VTD_Final_127,COUNTY,-1,-1,C:\Users\ig09024\OneDrive - TN Office of the Comptroller\Desktop\Statewide District Lookup\Voting Precincts.gdb\VTD_Final_129,COUNTY,-1,-1,C:\Users\ig09024\OneDrive - TN Office of the Comptroller\Desktop\Statewide District Lookup\Voting Precincts.gdb\VTD_Final_131,COUNTY,-1,-1,C:\Users\ig09024\OneDrive - TN Office of the Comptroller\Desktop\Statewide District Lookup\Voting Precincts.gdb\VTD_Final_133,COUNTY,-1,-1,C:\Users\ig09024\OneDrive - TN Office of the Comptroller\Desktop\Statewide District Lookup\Voting Precincts.gdb\VTD_Final_133_1,COUNTY,-1,-1,C:\Users\ig09024\OneDrive - TN Office of the Comptroller\Desktop\Statewide District Lookup\Voting Precincts.gdb\VTD_Final_135,COUNTY,-1,-1,C:\Users\ig09024\OneDrive - TN Office of the Comptroller\Desktop\Statewide District Lookup\Voting Precincts.gdb\VTD_Final_137,COUNTY,-1,-1,C:\Users\ig09024\OneDrive - TN Office of the Comptroller\Desktop\Statewide District Lookup\Voting Precincts.gdb\VTD_Final_139,COUNTY,-1,-1,C:\Users\ig09024\OneDrive - TN Office of the Comptroller\Desktop\Statewide District Lookup\Voting Precincts.gdb\VTD_Final_141,COUNTY,-1,-1,C:\Users\ig09024\OneDrive - TN Office of the Comptroller\Desktop\Statewide District Lookup\Voting Precincts.gdb\VTD_Final_143,COUNTY,-1,-1,C:\Users\ig09024\OneDrive - TN Office of the Comptroller\Desktop\Statewide District Lookup\Voting Precincts.gdb\VTD_Final_147,COUNTY,-1,-1,C:\Users\ig09024\OneDrive - TN Office of the Comptroller\Desktop\Statewide District Lookup\Voting Precincts.gdb\VTD_Final_149,COUNTY,-1,-1,C:\Users\ig09024\OneDrive - TN Office of the Comptroller\Desktop\Statewide District Lookup\Voting Precincts.gdb\VTD_Final_151,COUNTY,-1,-1,C:\Users\ig09024\OneDrive - TN Office of the Comptroller\Desktop\Statewide District Lookup\Voting Precincts.gdb\VTD_Final_153,COUNTY,-1,-1,C:\Users\ig09024\OneDrive - TN Office of the Comptroller\Desktop\Statewide District Lookup\Voting Precincts.gdb\VTD_Final_155,COUNTY,-1,-1,C:\Users\ig09024\OneDrive - TN Office of the Comptroller\Desktop\Statewide District Lookup\Voting Precincts.gdb\VTD_Final_159,COUNTY,-1,-1,C:\Users\ig09024\OneDrive - TN Office of the Comptroller\Desktop\Statewide District Lookup\Voting Precincts.gdb\VTD_Final_163,COUNTY,-1,-1,C:\Users\ig09024\OneDrive - TN Office of the Comptroller\Desktop\Statewide District Lookup\Voting Precincts.gdb\VTD_Final_165,COUNTY,-1,-1,C:\Users\ig09024\OneDrive - TN Office of the Comptroller\Desktop\Statewide District Lookup\Voting Precincts.gdb\VTD_Final_167,COUNTY,-1,-1,C:\Users\ig09024\OneDrive - TN Office of the Comptroller\Desktop\Statewide District Lookup\Voting Precincts.gdb\VTD_Final_169,COUNTY,-1,-1,C:\Users\ig09024\OneDrive - TN Office of the Comptroller\Desktop\Statewide District Lookup\Voting Precincts.gdb\VTD_Final_171,COUNTY,-1,-1,C:\Users\ig09024\OneDrive - TN Office of the Comptroller\Desktop\Statewide District Lookup\Voting Precincts.gdb\VTD_Final_173,COUNTY,-1,-1,C:\Users\ig09024\OneDrive - TN Office of the Comptroller\Desktop\Statewide District Lookup\Voting Precincts.gdb\VTD_Final_177,COUNTY,-1,-1,C:\Users\ig09024\OneDrive - TN Office of the Comptroller\Desktop\Statewide District Lookup\Voting Precincts.gdb\VTD_Final_179,COUNTY,-1,-1,C:\Users\ig09024\OneDrive - TN Office of the Comptroller\Desktop\Statewide District Lookup\Voting Precincts.gdb\VTD_Final_181,COUNTY,-1,-1,C:\Users\ig09024\OneDrive - TN Office of the Comptroller\Desktop\Statewide District Lookup\Voting Precincts.gdb\VTD_Final_183,COUNTY,-1,-1,C:\Users\ig09024\OneDrive - TN Office of the Comptroller\Desktop\Statewide District Lookup\Voting Precincts.gdb\VTD_Final_185,COUNTY,-1,-1,C:\Users\ig09024\OneDrive - TN Office of the Comptroller\Desktop\Statewide District Lookup\Voting Precincts.gdb\VTD_Final_187,COUNTY,-1,-1,C:\Users\ig09024\OneDrive - TN Office of the Comptroller\Desktop\Statewide District Lookup\Voting Precincts.gdb\VTD_Final_189,COUNTY,-1,-1;NAME "NAME" true true false 90 Text 0 0 ,First,#,C:\Users\ig09024\OneDrive - TN Office of the Comptroller\Desktop\Statewide District Lookup\Voting Precincts.gdb\VTD_Final_001,NAME,-1,-1,C:\Users\ig09024\OneDrive - TN Office of the Comptroller\Desktop\Statewide District Lookup\Voting Precincts.gdb\VTD_Final_003,NAME,-1,-1,C:\Users\ig09024\OneDrive - TN Office of the Comptroller\Desktop\Statewide District Lookup\Voting Precincts.gdb\VTD_Final_005,NAME,-1,-1,C:\Users\ig09024\OneDrive - TN Office of the Comptroller\Desktop\Statewide District Lookup\Voting Precincts.gdb\VTD_Final_007,NAME,-1,-1,C:\Users\ig09024\OneDrive - TN Office of the Comptroller\Desktop\Statewide District Lookup\Voting Precincts.gdb\VTD_Final_009,NAME,-1,-1,C:\Users\ig09024\OneDrive - TN Office of the Comptroller\Desktop\Statewide District Lookup\Voting Precincts.gdb\VTD_Final_015,NAME,-1,-1,C:\Users\ig09024\OneDrive - TN Office of the Comptroller\Desktop\Statewide District Lookup\Voting Precincts.gdb\VTD_Final_017,NAME,-1,-1,C:\Users\ig09024\OneDrive - TN Office of the Comptroller\Desktop\Statewide District Lookup\Voting Precincts.gdb\VTD_Final_019,NAME,-1,-1,C:\Users\ig09024\OneDrive - TN Office of the Comptroller\Desktop\Statewide District Lookup\Voting Precincts.gdb\VTD_Final_023,NAME,-1,-1,C:\Users\ig09024\OneDrive - TN Office of the Comptroller\Desktop\Statewide District Lookup\Voting Precincts.gdb\VTD_Final_025,NAME,-1,-1,C:\Users\ig09024\OneDrive - TN Office of the Comptroller\Desktop\Statewide District Lookup\Voting Precincts.gdb\VTD_Final_029,NAME,-1,-1,C:\Users\ig09024\OneDrive - TN Office of the Comptroller\Desktop\Statewide District Lookup\Voting Precincts.gdb\VTD_Final_031,NAME,-1,-1,C:\Users\ig09024\OneDrive - TN Office of the Comptroller\Desktop\Statewide District Lookup\Voting Precincts.gdb\VTD_Final_033,NAME,-1,-1,C:\Users\ig09024\OneDrive - TN Office of the Comptroller\Desktop\Statewide District Lookup\Voting Precincts.gdb\VTD_Final_035,NAME,-1,-1,C:\Users\ig09024\OneDrive - TN Office of the Comptroller\Desktop\Statewide District Lookup\Voting Precincts.gdb\VTD_Final_039,NAME,-1,-1,C:\Users\ig09024\OneDrive - TN Office of the Comptroller\Desktop\Statewide District Lookup\Voting Precincts.gdb\VTD_Final_041,NAME,-1,-1,C:\Users\ig09024\OneDrive - TN Office of the Comptroller\Desktop\Statewide District Lookup\Voting Precincts.gdb\VTD_Final_045,NAME,-1,-1,C:\Users\ig09024\OneDrive - TN Office of the Comptroller\Desktop\Statewide District Lookup\Voting Precincts.gdb\VTD_Final_047,NAME,-1,-1,C:\Users\ig09024\OneDrive - TN Office of the Comptroller\Desktop\Statewide District Lookup\Voting Precincts.gdb\VTD_Final_049,NAME,-1,-1,C:\Users\ig09024\OneDrive - TN Office of the Comptroller\Desktop\Statewide District Lookup\Voting Precincts.gdb\VTD_Final_051,NAME,-1,-1,C:\Users\ig09024\OneDrive - TN Office of the Comptroller\Desktop\Statewide District Lookup\Voting Precincts.gdb\VTD_Final_053,NAME,-1,-1,C:\Users\ig09024\OneDrive - TN Office of the Comptroller\Desktop\Statewide District Lookup\Voting Precincts.gdb\VTD_Final_055,NAME,-1,-1,C:\Users\ig09024\OneDrive - TN Office of the Comptroller\Desktop\Statewide District Lookup\Voting Precincts.gdb\VTD_Final_057,NAME,-1,-1,C:\Users\ig09024\OneDrive - TN Office of the Comptroller\Desktop\Statewide District Lookup\Voting Precincts.gdb\VTD_Final_059,NAME,-1,-1,C:\Users\ig09024\OneDrive - TN Office of the Comptroller\Desktop\Statewide District Lookup\Voting Precincts.gdb\VTD_Final_061,NAME,-1,-1,C:\Users\ig09024\OneDrive - TN Office of the Comptroller\Desktop\Statewide District Lookup\Voting Precincts.gdb\VTD_Final_063,NAME,-1,-1,C:\Users\ig09024\OneDrive - TN Office of the Comptroller\Desktop\Statewide District Lookup\Voting Precincts.gdb\VTD_Final_065,NAME,-1,-1,C:\Users\ig09024\OneDrive - TN Office of the Comptroller\Desktop\Statewide District Lookup\Voting Precincts.gdb\VTD_Final_067,NAME,-1,-1,C:\Users\ig09024\OneDrive - TN Office of the Comptroller\Desktop\Statewide District Lookup\Voting Precincts.gdb\VTD_Final_069,NAME,-1,-1,C:\Users\ig09024\OneDrive - TN Office of the Comptroller\Desktop\Statewide District Lookup\Voting Precincts.gdb\VTD_Final_071,NAME,-1,-1,C:\Users\ig09024\OneDrive - TN Office of the Comptroller\Desktop\Statewide District Lookup\Voting Precincts.gdb\VTD_Final_073,NAME,-1,-1,C:\Users\ig09024\OneDrive - TN Office of the Comptroller\Desktop\Statewide District Lookup\Voting Precincts.gdb\VTD_Final_075,NAME,-1,-1,C:\Users\ig09024\OneDrive - TN Office of the Comptroller\Desktop\Statewide District Lookup\Voting Precincts.gdb\VTD_Final_077,NAME,-1,-1,C:\Users\ig09024\OneDrive - TN Office of the Comptroller\Desktop\Statewide District Lookup\Voting Precincts.gdb\VTD_Final_079,NAME,-1,-1,C:\Users\ig09024\OneDrive - TN Office of the Comptroller\Desktop\Statewide District Lookup\Voting Precincts.gdb\VTD_Final_081,NAME,-1,-1,C:\Users\ig09024\OneDrive - TN Office of the Comptroller\Desktop\Statewide District Lookup\Voting Precincts.gdb\VTD_Final_083,NAME,-1,-1,C:\Users\ig09024\OneDrive - TN Office of the Comptroller\Desktop\Statewide District Lookup\Voting Precincts.gdb\VTD_Final_085,NAME,-1,-1,C:\Users\ig09024\OneDrive - TN Office of the Comptroller\Desktop\Statewide District Lookup\Voting Precincts.gdb\VTD_Final_087,NAME,-1,-1,C:\Users\ig09024\OneDrive - TN Office of the Comptroller\Desktop\Statewide District Lookup\Voting Precincts.gdb\VTD_Final_089,NAME,-1,-1,C:\Users\ig09024\OneDrive - TN Office of the Comptroller\Desktop\Statewide District Lookup\Voting Precincts.gdb\VTD_Final_091,NAME,-1,-1,C:\Users\ig09024\OneDrive - TN Office of the Comptroller\Desktop\Statewide District Lookup\Voting Precincts.gdb\VTD_Final_095,NAME,-1,-1,C:\Users\ig09024\OneDrive - TN Office of the Comptroller\Desktop\Statewide District Lookup\Voting Precincts.gdb\VTD_Final_097,NAME,-1,-1,C:\Users\ig09024\OneDrive - TN Office of the Comptroller\Desktop\Statewide District Lookup\Voting Precincts.gdb\VTD_Final_099,NAME,-1,-1,C:\Users\ig09024\OneDrive - TN Office of the Comptroller\Desktop\Statewide District Lookup\Voting Precincts.gdb\VTD_Final_101,NAME,-1,-1,C:\Users\ig09024\OneDrive - TN Office of the Comptroller\Desktop\Statewide District Lookup\Voting Precincts.gdb\VTD_Final_103,NAME,-1,-1,C:\Users\ig09024\OneDrive - TN Office of the Comptroller\Desktop\Statewide District Lookup\Voting Precincts.gdb\VTD_Final_105,NAME,-1,-1,C:\Users\ig09024\OneDrive - TN Office of the Comptroller\Desktop\Statewide District Lookup\Voting Precincts.gdb\VTD_Final_107,NAME,-1,-1,C:\Users\ig09024\OneDrive - TN Office of the Comptroller\Desktop\Statewide District Lookup\Voting Precincts.gdb\VTD_Final_109,NAME,-1,-1,C:\Users\ig09024\OneDrive - TN Office of the Comptroller\Desktop\Statewide District Lookup\Voting Precincts.gdb\VTD_Final_111,NAME,-1,-1,C:\Users\ig09024\OneDrive - TN Office of the Comptroller\Desktop\Statewide District Lookup\Voting Precincts.gdb\VTD_Final_113,NAME,-1,-1,C:\Users\ig09024\OneDrive - TN Office of the Comptroller\Desktop\Statewide District Lookup\Voting Precincts.gdb\VTD_Final_115,NAME,-1,-1,C:\Users\ig09024\OneDrive - TN Office of the Comptroller\Desktop\Statewide District Lookup\Voting Precincts.gdb\VTD_Final_117,NAME,-1,-1,C:\Users\ig09024\OneDrive - TN Office of the Comptroller\Desktop\Statewide District Lookup\Voting Precincts.gdb\VTD_Final_119,NAME,-1,-1,C:\Users\ig09024\OneDrive - TN Office of the Comptroller\Desktop\Statewide District Lookup\Voting Precincts.gdb\VTD_Final_121,NAME,-1,-1,C:\Users\ig09024\OneDrive - TN Office of the Comptroller\Desktop\Statewide District Lookup\Voting Precincts.gdb\VTD_Final_125,NAME,-1,-1,C:\Users\ig09024\OneDrive - TN Office of the Comptroller\Desktop\Statewide District Lookup\Voting Precincts.gdb\VTD_Final_127,NAME,-1,-1,C:\Users\ig09024\OneDrive - TN Office of the Comptroller\Desktop\Statewide District Lookup\Voting Precincts.gdb\VTD_Final_129,NAME,-1,-1,C:\Users\ig09024\OneDrive - TN Office of the Comptroller\Desktop\Statewide District Lookup\Voting Precincts.gdb\VTD_Final_131,NAME,-1,-1,C:\Users\ig09024\OneDrive - TN Office of the Comptroller\Desktop\Statewide District Lookup\Voting Precincts.gdb\VTD_Final_133,NAME,-1,-1,C:\Users\ig09024\OneDrive - TN Office of the Comptroller\Desktop\Statewide District Lookup\Voting Precincts.gdb\VTD_Final_133_1,NAME,-1,-1,C:\Users\ig09024\OneDrive - TN Office of the Comptroller\Desktop\Statewide District Lookup\Voting Precincts.gdb\VTD_Final_135,NAME,-1,-1,C:\Users\ig09024\OneDrive - TN Office of the Comptroller\Desktop\Statewide District Lookup\Voting Precincts.gdb\VTD_Final_137,NAME,-1,-1,C:\Users\ig09024\OneDrive - TN Office of the Comptroller\Desktop\Statewide District Lookup\Voting Precincts.gdb\VTD_Final_139,NAME,-1,-1,C:\Users\ig09024\OneDrive - TN Office of the Comptroller\Desktop\Statewide District Lookup\Voting Precincts.gdb\VTD_Final_141,NAME,-1,-1,C:\Users\ig09024\OneDrive - TN Office of the Comptroller\Desktop\Statewide District Lookup\Voting Precincts.gdb\VTD_Final_143,NAME,-1,-1,C:\Users\ig09024\OneDrive - TN Office of the Comptroller\Desktop\Statewide District Lookup\Voting Precincts.gdb\VTD_Final_147,NAME,-1,-1,C:\Users\ig09024\OneDrive - TN Office of the Comptroller\Desktop\Statewide District Lookup\Voting Precincts.gdb\VTD_Final_149,NAME,-1,-1,C:\Users\ig09024\OneDrive - TN Office of the Comptroller\Desktop\Statewide District Lookup\Voting Precincts.gdb\VTD_Final_151,NAME,-1,-1,C:\Users\ig09024\OneDrive - TN Office of the Comptroller\Desktop\Statewide District Lookup\Voting Precincts.gdb\VTD_Final_153,NAME,-1,-1,C:\Users\ig09024\OneDrive - TN Office of the Comptroller\Desktop\Statewide District Lookup\Voting Precincts.gdb\VTD_Final_155,NAME,-1,-1,C:\Users\ig09024\OneDrive - TN Office of the Comptroller\Desktop\Statewide District Lookup\Voting Precincts.gdb\VTD_Final_159,NAME,-1,-1,C:\Users\ig09024\OneDrive - TN Office of the Comptroller\Desktop\Statewide District Lookup\Voting Precincts.gdb\VTD_Final_163,NAME,-1,-1,C:\Users\ig09024\OneDrive - TN Office of the Comptroller\Desktop\Statewide District Lookup\Voting Precincts.gdb\VTD_Final_165,NAME,-1,-1,C:\Users\ig09024\OneDrive - TN Office of the Comptroller\Desktop\Statewide District Lookup\Voting Precincts.gdb\VTD_Final_167,NAME,-1,-1,C:\Users\ig09024\OneDrive - TN Office of the Comptroller\Desktop\Statewide District Lookup\Voting Precincts.gdb\VTD_Final_169,NAME,-1,-1,C:\Users\ig09024\OneDrive - TN Office of the Comptroller\Desktop\Statewide District Lookup\Voting Precincts.gdb\VTD_Final_171,NAME,-1,-1,C:\Users\ig09024\OneDrive - TN Office of the Comptroller\Desktop\Statewide District Lookup\Voting Precincts.gdb\VTD_Final_173,NAME,-1,-1,C:\Users\ig09024\OneDrive - TN Office of the Comptroller\Desktop\Statewide District Lookup\Voting Precincts.gdb\VTD_Final_177,NAME,-1,-1,C:\Users\ig09024\OneDrive - TN Office of the Comptroller\Desktop\Statewide District Lookup\Voting Precincts.gdb\VTD_Final_179,NAME,-1,-1,C:\Users\ig09024\OneDrive - TN Office of the Comptroller\Desktop\Statewide District Lookup\Voting Precincts.gdb\VTD_Final_181,NAME,-1,-1,C:\Users\ig09024\OneDrive - TN Office of the Comptroller\Desktop\Statewide District Lookup\Voting Precincts.gdb\VTD_Final_183,NAME,-1,-1,C:\Users\ig09024\OneDrive - TN Office of the Comptroller\Desktop\Statewide District Lookup\Voting Precincts.gdb\VTD_Final_185,NAME,-1,-1,C:\Users\ig09024\OneDrive - TN Office of the Comptroller\Desktop\Statewide District Lookup\Voting Precincts.gdb\VTD_Final_187,NAME,-1,-1,C:\Users\ig09024\OneDrive - TN Office of the Comptroller\Desktop\Statewide District Lookup\Voting Precincts.gdb\VTD_Final_189,NAME,-1,-1"</Process><Process ToolSource="c:\program files (x86)\arcgis\desktop10.8\ArcToolbox\Toolboxes\Data Management Tools.tbx\CalculateField" Date="20220104" Time="154821">CalculateField Voting_Precincts_New1 NEWVOTINGPRECINCT [NAME] VB #</Process><Process ToolSource="c:\program files (x86)\arcgis\desktop10.8\ArcToolbox\Toolboxes\Data Management Tools.tbx\CalculateField" Date="20220110" Time="143329">CalculateField "Voting Precincts New" NEWVOTINGPRECINCT "ANY VOTE CENTER" VB #</Process><Process ToolSource="c:\program files (x86)\arcgis\desktop10.8\ArcToolbox\Toolboxes\Data Management Tools.tbx\Append" Date="20220119" Time="121301">Append 'C:\Users\ig09024\OneDrive - TN Office of the Comptroller\Desktop\RDP 2020-Phase III - Data Packages - Maps For Website\Cumberland - D\Cumberland.gdb\VTD_Final_035' "Voting Precincts New" NO_TEST "COUNTY "COUNTY" true true false 3 Text 0 0 ,First,#,C:\Users\ig09024\OneDrive - TN Office of the Comptroller\Desktop\RDP 2020-Phase III - Data Packages - Maps For Website\Cumberland - D\Cumberland.gdb\VTD_Final_035,COUNTY,-1,-1;Shape_Length "Shape_Length" false true true 8 Double 0 0 ,First,#,C:\Users\ig09024\OneDrive - TN Office of the Comptroller\Desktop\RDP 2020-Phase III - Data Packages - Maps For Website\Cumberland - D\Cumberland.gdb\VTD_Final_035,SHAPE_Length,-1,-1;Shape_Area "Shape_Area" false true true 8 Double 0 0 ,First,#,C:\Users\ig09024\OneDrive - TN Office of the Comptroller\Desktop\RDP 2020-Phase III - Data Packages - Maps For Website\Cumberland - D\Cumberland.gdb\VTD_Final_035,SHAPE_Area,-1,-1;NEWVOTINGPRECINCT "NEWVOTINGPRECINCT" true true false 150 Text 0 0 ,First,#" #</Process><Process ToolSource="c:\program files (x86)\arcgis\desktop10.8\ArcToolbox\Toolboxes\Data Management Tools.tbx\Append" Date="20220127" Time="101641">Append 'C:\Users\ig09024\OneDrive - TN Office of the Comptroller\Desktop\RDP 2020-Phase III - Data Packages - Maps For Website\Greene -D\Greene.gdb\VTD_Final_059' "Voting Precincts New" NO_TEST "COUNTY "COUNTY" true true false 3 Text 0 0 ,First,#,C:\Users\ig09024\OneDrive - TN Office of the Comptroller\Desktop\RDP 2020-Phase III - Data Packages - Maps For Website\Greene -D\Greene.gdb\VTD_Final_059,COUNTY,-1,-1;Shape_Length "Shape_Length" false true true 8 Double 0 0 ,First,#,C:\Users\ig09024\OneDrive - TN Office of the Comptroller\Desktop\RDP 2020-Phase III - Data Packages - Maps For Website\Greene -D\Greene.gdb\VTD_Final_059,SHAPE_Length,-1,-1;Shape_Area "Shape_Area" false true true 8 Double 0 0 ,First,#,C:\Users\ig09024\OneDrive - TN Office of the Comptroller\Desktop\RDP 2020-Phase III - Data Packages - Maps For Website\Greene -D\Greene.gdb\VTD_Final_059,SHAPE_Area,-1,-1;NEWVOTINGPRECINCT "NEWVOTINGPRECINCT" true true false 150 Text 0 0 ,First,#" #</Process><Process ToolSource="c:\program files (x86)\arcgis\desktop10.8\ArcToolbox\Toolboxes\Data Management Tools.tbx\Append" Date="20220131" Time="160959">Append VTD_Final_021;VTD_Final_043;VTD_Final_081;VTD_Final_125 "Voting Precincts New" NO_TEST "COUNTY "COUNTY" true true false 3 Text 0 0 ,First,#,VTD_Final_021,COUNTY,-1,-1,VTD_Final_043,COUNTY,-1,-1,VTD_Final_081,COUNTY,-1,-1,VTD_Final_125,COUNTY,-1,-1;Shape_Length "Shape_Length" false true true 8 Double 0 0 ,First,#,VTD_Final_021,SHAPE_Length,-1,-1,VTD_Final_043,SHAPE_Length,-1,-1,VTD_Final_081,SHAPE_Length,-1,-1,VTD_Final_125,SHAPE_Length,-1,-1;Shape_Area "Shape_Area" false true true 8 Double 0 0 ,First,#,VTD_Final_021,SHAPE_Area,-1,-1,VTD_Final_043,SHAPE_Area,-1,-1,VTD_Final_081,SHAPE_Area,-1,-1,VTD_Final_125,SHAPE_Area,-1,-1;NEWVOTINGPRECINCT "NEWVOTINGPRECINCT" true true false 150 Text 0 0 ,First,#,VTD_Final_021,NEWVOTINGPRECINCT,-1,-1,VTD_Final_043,NEWVOTINGPRECINCT,-1,-1,VTD_Final_081,NEWVOTINGPRECINCT,-1,-1,VTD_Final_125,NEWVOTINGPRECINCT,-1,-1" #</Process><Process ToolSource="c:\program files (x86)\arcgis\desktop10.8\ArcToolbox\Toolboxes\Data Management Tools.tbx\Append" Date="20220201" Time="181632">Append VTD_Final_103 "Voting Precincts New" NO_TEST "COUNTY "COUNTY" true true false 3 Text 0 0 ,First,#,VTD_Final_103,COUNTY,-1,-1;Shape_Length "Shape_Length" false true true 8 Double 0 0 ,First,#,VTD_Final_103,SHAPE_Length,-1,-1;Shape_Area "Shape_Area" false true true 8 Double 0 0 ,First,#,VTD_Final_103,SHAPE_Area,-1,-1;NEWVOTINGPRECINCT "NEWVOTINGPRECINCT" true true false 150 Text 0 0 ,First,#,VTD_Final_103,NEWVOTINGPRECINCT,-1,-1" #</Process><Process ToolSource="c:\program files (x86)\arcgis\desktop10.8\ArcToolbox\Toolboxes\Data Management Tools.tbx\Append" Date="20220202" Time="100747">Append VTD_Final_027 "Voting Precincts New" NO_TEST "COUNTY "COUNTY" true true false 3 Text 0 0 ,First,#,VTD_Final_027,COUNTY,-1,-1;Shape_Length "Shape_Length" false true true 8 Double 0 0 ,First,#,VTD_Final_027,SHAPE_Length,-1,-1;Shape_Area "Shape_Area" false true true 8 Double 0 0 ,First,#,VTD_Final_027,SHAPE_Area,-1,-1;NEWVOTINGPRECINCT "NEWVOTINGPRECINCT" true true false 150 Text 0 0 ,First,#" #</Process><Process ToolSource="c:\program files (x86)\arcgis\desktop10.8\ArcToolbox\Toolboxes\Data Management Tools.tbx\Append" Date="20220202" Time="124033">Append VTD_Final_161;VTD_Final_015;VTD_Final_119 "Voting Precincts New" NO_TEST "COUNTY "COUNTY" true true false 3 Text 0 0 ,First,#,VTD_Final_161,COUNTY,-1,-1,VTD_Final_015,COUNTY,-1,-1,VTD_Final_119,COUNTY,-1,-1;Shape_Length "Shape_Length" false true true 8 Double 0 0 ,First,#,VTD_Final_161,SHAPE_Length,-1,-1,VTD_Final_015,SHAPE_Length,-1,-1,VTD_Final_119,SHAPE_Length,-1,-1;Shape_Area "Shape_Area" false true true 8 Double 0 0 ,First,#,VTD_Final_161,SHAPE_Area,-1,-1,VTD_Final_015,SHAPE_Area,-1,-1,VTD_Final_119,SHAPE_Area,-1,-1;NEWVOTINGPRECINCT "NEWVOTINGPRECINCT" true true false 150 Text 0 0 ,First,#" #</Process><Process ToolSource="c:\program files (x86)\arcgis\desktop10.8\ArcToolbox\Toolboxes\Data Management Tools.tbx\Append" Date="20220204" Time="074010">Append VTD_Final_065 "Voting Precincts New" NO_TEST "COUNTY "COUNTY" true true false 3 Text 0 0 ,First,#,VTD_Final_065,COUNTY,-1,-1;Shape_Length "Shape_Length" false true true 8 Double 0 0 ,First,#,VTD_Final_065,SHAPE_Length,-1,-1;Shape_Area "Shape_Area" false true true 8 Double 0 0 ,First,#,VTD_Final_065,SHAPE_Area,-1,-1;NEWVOTINGPRECINCT "NEWVOTINGPRECINCT" true true false 150 Text 0 0 ,First,#,VTD_Final_065,NEWVOTINGPRECINCT,-1,-1" #</Process><Process ToolSource="c:\program files (x86)\arcgis\desktop10.8\ArcToolbox\Toolboxes\Data Management Tools.tbx\Append" Date="20220204" Time="095959">Append VTD_Final_013 "Voting Precincts New" NO_TEST "COUNTY "COUNTY" true true false 3 Text 0 0 ,First,#,VTD_Final_013,COUNTY,-1,-1;Shape_Length "Shape_Length" false true true 8 Double 0 0 ,First,#,VTD_Final_013,SHAPE_Length,-1,-1;Shape_Area "Shape_Area" false true true 8 Double 0 0 ,First,#,VTD_Final_013,SHAPE_Area,-1,-1;NEWVOTINGPRECINCT "NEWVOTINGPRECINCT" true true false 150 Text 0 0 ,First,#" #</Process><Process ToolSource="c:\program files (x86)\arcgis\desktop10.8\ArcToolbox\Toolboxes\Data Management Tools.tbx\Append" Date="20220210" Time="121248">Append 'C:\Users\ig09024\OneDrive - TN Office of the Comptroller\Desktop\RDP 2020-Phase III - Data Packages - Maps For Website\White - D\White.gdb\VTD_Final_185' "Voting Precincts New" NO_TEST "COUNTY "COUNTY" true true false 3 Text 0 0 ,First,#,C:\Users\ig09024\OneDrive - TN Office of the Comptroller\Desktop\RDP 2020-Phase III - Data Packages - Maps For Website\White - D\White.gdb\VTD_Final_185,COUNTY,-1,-1;Shape_Length "Shape_Length" false true true 8 Double 0 0 ,First,#,C:\Users\ig09024\OneDrive - TN Office of the Comptroller\Desktop\RDP 2020-Phase III - Data Packages - Maps For Website\White - D\White.gdb\VTD_Final_185,SHAPE_Length,-1,-1;Shape_Area "Shape_Area" false true true 8 Double 0 0 ,First,#,C:\Users\ig09024\OneDrive - TN Office of the Comptroller\Desktop\RDP 2020-Phase III - Data Packages - Maps For Website\White - D\White.gdb\VTD_Final_185,SHAPE_Area,-1,-1;NEWVOTINGPRECINCT "NEWVOTINGPRECINCT" true true false 150 Text 0 0 ,First,#" #</Process><Process ToolSource="c:\program files (x86)\arcgis\desktop10.8\ArcToolbox\Toolboxes\Data Management Tools.tbx\Append" Date="20220210" Time="121316">Append VTD_Final_175 "Voting Precincts New" NO_TEST "COUNTY "COUNTY" true true false 3 Text 0 0 ,First,#,VTD_Final_175,COUNTY,-1,-1;Shape_Length "Shape_Length" false true true 8 Double 0 0 ,First,#,VTD_Final_175,SHAPE_Length,-1,-1;Shape_Area "Shape_Area" false true true 8 Double 0 0 ,First,#,VTD_Final_175,SHAPE_Area,-1,-1;NEWVOTINGPRECINCT "NEWVOTINGPRECINCT" true true false 150 Text 0 0 ,First,#" #</Process><Process ToolSource="c:\program files (x86)\arcgis\desktop10.8\ArcToolbox\Toolboxes\Data Management Tools.tbx\Append" Date="20220210" Time="153730">Append VTD_Final_119 "Voting Precincts New" NO_TEST "COUNTY "COUNTY" true true false 3 Text 0 0 ,First,#,VTD_Final_119,COUNTY,-1,-1;Shape_Length "Shape_Length" false true true 8 Double 0 0 ,First,#,VTD_Final_119,SHAPE_Length,-1,-1;Shape_Area "Shape_Area" false true true 8 Double 0 0 ,First,#,VTD_Final_119,SHAPE_Area,-1,-1;NEWVOTINGPRECINCT "NEWVOTINGPRECINCT" true true false 150 Text 0 0 ,First,#" #</Process><Process ToolSource="c:\program files (x86)\arcgis\desktop10.8\ArcToolbox\Toolboxes\Data Management Tools.tbx\Append" Date="20220210" Time="162005">Append VTD_Final_149 "Voting Precincts New" NO_TEST "COUNTY "COUNTY" true true false 3 Text 0 0 ,First,#,VTD_Final_149,COUNTY,-1,-1;Shape_Length "Shape_Length" false true true 8 Double 0 0 ,First,#,VTD_Final_149,SHAPE_Length,-1,-1;Shape_Area "Shape_Area" false true true 8 Double 0 0 ,First,#,VTD_Final_149,SHAPE_Area,-1,-1;NEWVOTINGPRECINCT "NEWVOTINGPRECINCT" true true false 150 Text 0 0 ,First,#" #</Process><Process ToolSource="c:\program files (x86)\arcgis\desktop10.8\ArcToolbox\Toolboxes\Data Management Tools.tbx\CalculateField" Date="20220210" Time="165534">CalculateField "Voting Precincts New" NEWVOTINGPRECINCT "ANY VOTE CENTER" VB #</Process><Process ToolSource="c:\program files (x86)\arcgis\desktop10.8\ArcToolbox\Toolboxes\Data Management Tools.tbx\Append" Date="20220211" Time="113623">Append VTD_Final_157 "Voting Precincts New" NO_TEST "COUNTY "COUNTY" true true false 3 Text 0 0 ,First,#,VTD_Final_157,COUNTY,-1,-1;Shape_Length "Shape_Length" false true true 8 Double 0 0 ,First,#,VTD_Final_157,SHAPE_Length,-1,-1;Shape_Area "Shape_Area" false true true 8 Double 0 0 ,First,#,VTD_Final_157,SHAPE_Area,-1,-1;NEWVOTINGPRECINCT "NEWVOTINGPRECINCT" true true false 150 Text 0 0 ,First,#,VTD_Final_157,NEWVOTINGPRECINCT,-1,-1" #</Process><Process ToolSource="c:\program files (x86)\arcgis\desktop10.8\ArcToolbox\Toolboxes\Data Management Tools.tbx\Append" Date="20220211" Time="114239">Append VTD_Final_057 "Voting Precincts New" NO_TEST "COUNTY "COUNTY" true true false 3 Text 0 0 ,First,#,VTD_Final_057,COUNTY,-1,-1;Shape_Length "Shape_Length" false true true 8 Double 0 0 ,First,#,VTD_Final_057,SHAPE_Length,-1,-1;Shape_Area "Shape_Area" false true true 8 Double 0 0 ,First,#,VTD_Final_057,SHAPE_Area,-1,-1;NEWVOTINGPRECINCT "NEWVOTINGPRECINCT" true true false 150 Text 0 0 ,First,#,VTD_Final_057,NEWVOTINGPRECINCT,-1,-1" #</Process><Process ToolSource="c:\program files (x86)\arcgis\desktop10.8\ArcToolbox\Toolboxes\Data Management Tools.tbx\Append" Date="20220211" Time="145403">Append VTD_Final_087 "Voting Precincts New" NO_TEST "COUNTY "COUNTY" true true false 3 Text 0 0 ,First,#,VTD_Final_087,COUNTY,-1,-1;Shape_Length "Shape_Length" false true true 8 Double 0 0 ,First,#,VTD_Final_087,SHAPE_Length,-1,-1;Shape_Area "Shape_Area" false true true 8 Double 0 0 ,First,#,VTD_Final_087,SHAPE_Area,-1,-1;NEWVOTINGPRECINCT "NEWVOTINGPRECINCT" true true false 150 Text 0 0 ,First,#,VTD_Final_087,NEWVOTINGPRECINCT,-1,-1" #</Process><Process ToolSource="c:\program files (x86)\arcgis\desktop10.8\ArcToolbox\Toolboxes\Data Management Tools.tbx\Append" Date="20220211" Time="153240">Append VTD_Final_141 "Voting Precincts New" NO_TEST "COUNTY "COUNTY" true true false 3 Text 0 0 ,First,#,VTD_Final_141,COUNTY,-1,-1;Shape_Length "Shape_Length" false true true 8 Double 0 0 ,First,#,VTD_Final_141,SHAPE_Length,-1,-1;Shape_Area "Shape_Area" false true true 8 Double 0 0 ,First,#,VTD_Final_141,SHAPE_Area,-1,-1;NEWVOTINGPRECINCT "NEWVOTINGPRECINCT" true true false 150 Text 0 0 ,First,#,VTD_Final_141,NEWVOTINGPRECINCT,-1,-1" #</Process><Process ToolSource="c:\program files (x86)\arcgis\desktop10.8\ArcToolbox\Toolboxes\Data Management Tools.tbx\Append" Date="20220217" Time="160040">Append VTD_Final_123 "Voting Precincts New" NO_TEST "COUNTY "COUNTY" true true false 3 Text 0 0 ,First,#,VTD_Final_123,COUNTY,-1,-1;Shape_Length "Shape_Length" false true true 8 Double 0 0 ,First,#,VTD_Final_123,SHAPE_Length,-1,-1;Shape_Area "Shape_Area" false true true 8 Double 0 0 ,First,#,VTD_Final_123,SHAPE_Area,-1,-1;NEWVOTINGPRECINCT "NEWVOTINGPRECINCT" true true false 150 Text 0 0 ,First,#,VTD_Final_123,NEWVOTINGPRECINCT,-1,-1" #</Process><Process ToolSource="c:\program files (x86)\arcgis\desktop10.8\ArcToolbox\Toolboxes\Data Management Tools.tbx\Append" Date="20220225" Time="155024">Append VTD_Final_029 "Voting Precincts New" NO_TEST "COUNTY "COUNTY" true true false 3 Text 0 0 ,First,#,VTD_Final_029,COUNTY,-1,-1;Shape_Length "Shape_Length" false true true 8 Double 0 0 ,First,#,VTD_Final_029,SHAPE_Length,-1,-1;Shape_Area "Shape_Area" false true true 8 Double 0 0 ,First,#,VTD_Final_029,SHAPE_Area,-1,-1;NEWVOTINGPRECINCT "NEWVOTINGPRECINCT" true true false 150 Text 0 0 ,First,#,VTD_Final_029,NEWVOTINGPRECINCT,-1,-1" #</Process><Process ToolSource="c:\program files (x86)\arcgis\desktop10.8\ArcToolbox\Toolboxes\Data Management Tools.tbx\Append" Date="20220301" Time="160536">Append VTD_Final_093 "Voting Precincts New" NO_TEST "COUNTY "COUNTY" true true false 3 Text 0 0 ,First,#,VTD_Final_093,COUNTY,-1,-1;Shape_Length "Shape_Length" false true true 8 Double 0 0 ,First,#,VTD_Final_093,SHAPE_Length,-1,-1;Shape_Area "Shape_Area" false true true 8 Double 0 0 ,First,#,VTD_Final_093,SHAPE_Area,-1,-1;NEWVOTINGPRECINCT "NEWVOTINGPRECINCT" true true false 150 Text 0 0 ,First,#,VTD_Final_093,NEWVOTINGPRECINCT,-1,-1" #</Process><Process ToolSource="c:\program files (x86)\arcgis\desktop10.8\ArcToolbox\Toolboxes\Data Management Tools.tbx\Append" Date="20220303" Time="144727">Append VTD_Final_039 "Voting Precincts New" NO_TEST "COUNTY "COUNTY" true true false 3 Text 0 0 ,First,#,VTD_Final_039,COUNTY,-1,-1;Shape_Length "Shape_Length" false true true 8 Double 0 0 ,First,#,VTD_Final_039,SHAPE_Length,-1,-1;Shape_Area "Shape_Area" false true true 8 Double 0 0 ,First,#,VTD_Final_039,SHAPE_Area,-1,-1;NEWVOTINGPRECINCT "NEWVOTINGPRECINCT" true true false 150 Text 0 0 ,First,#,VTD_Final_039,NEWVOTINGPRECINCT,-1,-1" #</Process><Process ToolSource="c:\program files (x86)\arcgis\desktop10.8\ArcToolbox\Toolboxes\Data Management Tools.tbx\Append" Date="20220307" Time="093535">Append VTD_Final_145 "Voting Precincts New" NO_TEST "COUNTY "COUNTY" true true false 3 Text 0 0 ,First,#,VTD_Final_145,COUNTY,-1,-1;Shape_Length "Shape_Length" false true true 8 Double 0 0 ,First,#,VTD_Final_145,SHAPE_Length,-1,-1;Shape_Area "Shape_Area" false true true 8 Double 0 0 ,First,#,VTD_Final_145,SHAPE_Area,-1,-1;NEWVOTINGPRECINCT "NEWVOTINGPRECINCT" true true false 150 Text 0 0 ,First,#,VTD_Final_145,NEWVOTINGPRECINCT,-1,-1" #</Process><Process ToolSource="c:\program files (x86)\arcgis\desktop10.8\ArcToolbox\Toolboxes\Data Management Tools.tbx\Append" Date="20220318" Time="155854">Append VTD_Final_011 "Voting Precincts New" NO_TEST "COUNTY "COUNTY" true true false 3 Text 0 0 ,First,#,VTD_Final_011,COUNTY,-1,-1;Shape_Length "Shape_Length" false true true 8 Double 0 0 ,First,#,VTD_Final_011,SHAPE_Length,-1,-1;Shape_Area "Shape_Area" false true true 8 Double 0 0 ,First,#,VTD_Final_011,SHAPE_Area,-1,-1;NEWVOTINGPRECINCT "NEWVOTINGPRECINCT" true true false 150 Text 0 0 ,First,#,VTD_Final_011,NEWVOTINGPRECINCT,-1,-1" #</Process><Process ToolSource="c:\program files (x86)\arcgis\desktop10.8\ArcToolbox\Toolboxes\Data Management Tools.tbx\Append" Date="20220323" Time="112939">Append VTD_Final_181 "Voting Precincts New" NO_TEST "COUNTY "COUNTY" true true false 3 Text 0 0 ,First,#,VTD_Final_181,COUNTY,-1,-1;Shape_Length "Shape_Length" false true true 8 Double 0 0 ,First,#,VTD_Final_181,SHAPE_Length,-1,-1;Shape_Area "Shape_Area" false true true 8 Double 0 0 ,First,#,VTD_Final_181,SHAPE_Area,-1,-1;NEWVOTINGPRECINCT "NEWVOTINGPRECINCT" true true false 150 Text 0 0 ,First,#,VTD_Final_181,NEWVOTINGPRECINCT,-1,-1" #</Process><Process ToolSource="c:\program files (x86)\arcgis\desktop10.8\ArcToolbox\Toolboxes\Data Management Tools.tbx\Append" Date="20220418" Time="142057">Append VTD_Final_125 "Voting Precincts New" NO_TEST "COUNTY "COUNTY" true true false 3 Text 0 0 ,First,#,VTD_Final_125,COUNTY,-1,-1;Shape_Length "Shape_Length" false true true 8 Double 0 0 ,First,#,VTD_Final_125,SHAPE_Length,-1,-1;Shape_Area "Shape_Area" false true true 8 Double 0 0 ,First,#,VTD_Final_125,SHAPE_Area,-1,-1;NEWVOTINGPRECINCT "NEWVOTINGPRECINCT" true true false 150 Text 0 0 ,First,#,VTD_Final_125,NEWVOTINGPRECINCT,-1,-1" #</Process><Process ToolSource="c:\program files (x86)\arcgis\desktop10.8\ArcToolbox\Toolboxes\Data Management Tools.tbx\Append" Date="20220517" Time="090918">Append 'Voting Precinct' "Voting Precincts New" NO_TEST "COUNTY "COUNTY" true true false 3 Text 0 0 ,First,#;Shape_Length "Shape_Length" false true true 8 Double 0 0 ,First,#,Voting Precinct,SHAPE_Length,-1,-1;Shape_Area "Shape_Area" false true true 8 Double 0 0 ,First,#,Voting Precinct,SHAPE_Area,-1,-1;NEWVOTINGPRECINCT "NEWVOTINGPRECINCT" true true false 150 Text 0 0 ,First,#,Voting Precinct,NEWVOTINGPRECINCT,-1,-1" #</Process><Process ToolSource="c:\program files (x86)\arcgis\desktop10.8\ArcToolbox\Toolboxes\Data Management Tools.tbx\CalculateField" Date="20220517" Time="090947">CalculateField "Voting Precincts New" COUNTY 1 VB #</Process><Process ToolSource="c:\program files (x86)\arcgis\desktop10.8\ArcToolbox\Toolboxes\Data Management Tools.tbx\Append" Date="20220518" Time="110123">Append VTD_Final_037 "Voting Precincts New" NO_TEST "COUNTY "COUNTY" true true false 3 Text 0 0 ,First,#,VTD_Final_037,COUNTY,-1,-1;Shape_Length "Shape_Length" false true true 8 Double 0 0 ,First,#,VTD_Final_037,SHAPE_Length,-1,-1;Shape_Area "Shape_Area" false true true 8 Double 0 0 ,First,#,VTD_Final_037,SHAPE_Area,-1,-1;NEWVOTINGPRECINCT "NEWVOTINGPRECINCT" true true false 150 Text 0 0 ,First,#,VTD_Final_037,NEWVOTINGPRECINCT,-1,-1" #</Process><Process ToolSource="c:\program files (x86)\arcgis\desktop10.8\ArcToolbox\Toolboxes\Data Management Tools.tbx\Append" Date="20220524" Time="114733">Append VTD_Final_155 "Voting Precincts New" NO_TEST "COUNTY "COUNTY" true true false 3 Text 0 0 ,First,#,VTD_Final_155,COUNTY,-1,-1;Shape_Length "Shape_Length" false true true 8 Double 0 0 ,First,#,VTD_Final_155,SHAPE_Length,-1,-1;Shape_Area "Shape_Area" false true true 8 Double 0 0 ,First,#,VTD_Final_155,SHAPE_Area,-1,-1;NEWVOTINGPRECINCT "NEWVOTINGPRECINCT" true true false 150 Text 0 0 ,First,#,VTD_Final_155,NEWVOTINGPRECINCT,-1,-1" #</Process><Process ToolSource="c:\program files (x86)\arcgis\desktop10.8\ArcToolbox\Toolboxes\Data Management Tools.tbx\Append" Date="20220711" Time="114456">Append VTD_Final_043 "Voting Precincts New" NO_TEST "COUNTY "COUNTY" true true false 3 Text 0 0 ,First,#,VTD_Final_043,COUNTY,-1,-1;Shape_Length "Shape_Length" false true true 8 Double 0 0 ,First,#,VTD_Final_043,SHAPE_Length,-1,-1;Shape_Area "Shape_Area" false true true 8 Double 0 0 ,First,#,VTD_Final_043,SHAPE_Area,-1,-1;NEWVOTINGPRECINCT "NEWVOTINGPRECINCT" true true false 150 Text 0 0 ,First,#,VTD_Final_043,NEWVOTINGPRECINCT,-1,-1" #</Process><Process ToolSource="c:\program files (x86)\arcgis\desktop10.8\ArcToolbox\Toolboxes\Data Management Tools.tbx\Append" Date="20221024" Time="133507">Append VTD_Final_037 "Voting Precincts New" NO_TEST "COUNTY "COUNTY" true true false 3 Text 0 0 ,First,#,VTD_Final_037,COUNTY,-1,-1;Shape_Length "Shape_Length" false true true 8 Double 0 0 ,First,#,VTD_Final_037,SHAPE_Length,-1,-1;Shape_Area "Shape_Area" false true true 8 Double 0 0 ,First,#,VTD_Final_037,SHAPE_Area,-1,-1;NEWVOTINGPRECINCT "NEWVOTINGPRECINCT" true true false 150 Text 0 0 ,First,#" #</Process><Process ToolSource="c:\program files (x86)\arcgis\desktop10.8\ArcToolbox\Toolboxes\Data Management Tools.tbx\Append" Date="20221024" Time="133650">Append VTD_Final_037 "Voting Precincts New" NO_TEST "COUNTY "COUNTY" true true false 3 Text 0 0 ,First,#,VTD_Final_037,COUNTY,-1,-1;Shape_Length "Shape_Length" false true true 8 Double 0 0 ,First,#,VTD_Final_037,SHAPE_Length,-1,-1;Shape_Area "Shape_Area" false true true 8 Double 0 0 ,First,#,VTD_Final_037,SHAPE_Area,-1,-1;NEWVOTINGPRECINCT "NEWVOTINGPRECINCT" true true false 150 Text 0 0 ,First,#,VTD_Final_037,NEWVOTINGPRECINCT,-1,-1" #</Process><Process ToolSource="c:\program files (x86)\arcgis\desktop10.8\ArcToolbox\Toolboxes\Data Management Tools.tbx\Append" Date="20221024" Time="133829">Append VTD_Final_037 "Voting Precincts New" NO_TEST "COUNTY "COUNTY" true true false 3 Text 0 0 ,First,#,VTD_Final_037,COUNTY,-1,-1;Shape_Length "Shape_Length" false true true 8 Double 0 0 ,First,#,VTD_Final_037,SHAPE_Length,-1,-1;Shape_Area "Shape_Area" false true true 8 Double 0 0 ,First,#,VTD_Final_037,SHAPE_Area,-1,-1;NEWVOTINGPRECINCT "NEWVOTINGPRECINCT" true true false 150 Text 0 0 ,First,#,VTD_Final_037,NEWVOTINGPRECINCT,-1,-1" #</Process><Process ToolSource="c:\program files (x86)\arcgis\desktop10.8\ArcToolbox\Toolboxes\Data Management Tools.tbx\CalculateField" Date="20230829" Time="124057">CalculateField "Voting Precincts New" NEWVOTINGPRECINCT "ANY VOTE CENTER" VB #</Process><Process ToolSource="c:\program files (x86)\arcgis\desktop10.8\ArcToolbox\Toolboxes\Data Management Tools.tbx\CalculateField" Date="20230829" Time="124333">CalculateField "Voting Precincts New" NEWVOTINGPRECINCT "ANY VOTE CENTER" VB #</Process><Process ToolSource="c:\program files (x86)\arcgis\desktop10.8\ArcToolbox\Toolboxes\Data Management Tools.tbx\CalculateField" Date="20230829" Time="124411">CalculateField "Voting Precincts New" NEWVOTINGPRECINCT "ANY VOTE CENTER" VB #</Process><Process ToolSource="c:\program files (x86)\arcgis\desktop10.8\ArcToolbox\Toolboxes\Data Management Tools.tbx\Append" Date="20230921" Time="115828">Append Precincts "Voting Precincts New" NO_TEST "COUNTY "COUNTY" true true false 3 Text 0 0 ,First,#,Precincts,COUNTY,-1,-1;Shape_Length "Shape_Length" false true true 8 Double 0 0 ,First,#,Precincts,Shape_Length,-1,-1;Shape_Area "Shape_Area" false true true 8 Double 0 0 ,First,#,Precincts,Shape_Area,-1,-1;NEWVOTINGPRECINCT "NEWVOTINGPRECINCT" true true false 150 Text 0 0 ,First,#,Precincts,NEWVOTINGPRECINCT,-1,-1" #</Process><Process ToolSource="c:\program files (x86)\arcgis\desktop10.8\ArcToolbox\Toolboxes\Data Management Tools.tbx\Append" Date="20240510" Time="141717">Append Williamson_2024_Voting_Precinct "Voting Precincts New" NO_TEST "COUNTY "COUNTY" true true false 3 Text 0 0 ,First,#,Williamson_2024_Voting_Precinct,COUNTY,-1,-1;NEWVOTINGPRECINCT "NEWVOTINGPRECINCT" true true false 150 Text 0 0 ,First,#;Shape_Length "Shape_Length" false true true 8 Double 0 0 ,First,#;Shape_Area "Shape_Area" false true true 8 Double 0 0 ,First,#,Williamson_2024_Voting_Precinct,SHAPE_Area,-1,-1" #</Process></lineage></DataProperties><SyncDate>20220104</SyncDate><SyncTime>15472800</SyncTime><ModDate>20220104</ModDate><ModTime>15472800</ModTime></Esri><dataIdInfo><envirDesc Sync="TRUE"> Version 6.2 (Build 9200) ; Esri ArcGIS 10.8.1.14362</envirDesc><dataLang><languageCode value="eng" Sync="TRUE"></languageCode><countryCode value="USA" Sync="TRUE"></countryCode></dataLang><idCitation><resTitle Sync="TRUE">Voting_Precincts_New1</resTitle><presForm><PresFormCd value="005" Sync="TRUE"></PresFormCd></presForm></idCitation><spatRpType><SpatRepTypCd value="001" Sync="TRUE"></SpatRepTypCd></spatRpType></dataIdInfo><mdLang><languageCode value="eng" Sync="TRUE"></languageCode><countryCode value="USA" Sync="TRUE"></countryCode></mdLang><distInfo><distFormat><formatName Sync="TRUE">File Geodatabase Feature Class</formatName></distFormat></distInfo><mdHrLv><ScopeCd value="005" Sync="TRUE"></ScopeCd></mdHrLv><mdHrLvName Sync="TRUE">dataset</mdHrLvName><refSysInfo><RefSystem><refSysID><identCode code="2274" Sync="TRUE"></identCode><idCodeSpace Sync="TRUE">EPSG</idCodeSpace><idVersion Sync="TRUE">5.3(9.0.0)</idVersion></refSysID></RefSystem></refSysInfo><spatRepInfo><VectSpatRep><geometObjs Name="Voting_Precincts_New1"><geoObjTyp><GeoObjTypCd value="002" Sync="TRUE"></GeoObjTypCd></geoObjTyp><geoObjCnt Sync="TRUE">0</geoObjCnt></geometObjs><topLvl><TopoLevCd value="001" Sync="TRUE"></TopoLevCd></topLvl></VectSpatRep></spatRepInfo><spdoinfo><ptvctinf><esriterm Name="Voting_Precincts_New1"><efeatyp Sync="TRUE">Simple</efeatyp><efeageom code="4" Sync="TRUE"></efeageom><esritopo Sync="TRUE">FALSE</esritopo><efeacnt Sync="TRUE">0</efeacnt><spindex Sync="TRUE">TRUE</spindex><linrefer Sync="TRUE">FALSE</linrefer></esriterm></ptvctinf></spdoinfo><eainfo><detailed Name="Voting_Precincts_New1"><enttyp><enttypl Sync="TRUE">Voting_Precincts_New1</enttypl><enttypt Sync="TRUE">Feature Class</enttypt><enttypc Sync="TRUE">0</enttypc></enttyp><attr><attrlabl Sync="TRUE">OBJECTID</attrlabl><attalias Sync="TRUE">OBJECTID</attalias><attrtype Sync="TRUE">OID</attrtype><attwidth Sync="TRUE">4</attwidth><atprecis Sync="TRUE">0</atprecis><attscale Sync="TRUE">0</attscale><attrdef Sync="TRUE">Internal feature number.</attrdef><attrdefs Sync="TRUE">Esri</attrdefs><attrdomv><udom Sync="TRUE">Sequential unique whole numbers that are automatically generated.</udom></attrdomv></attr><attr><attrlabl Sync="TRUE">Shape</attrlabl><attalias Sync="TRUE">Shape</attalias><attrtype Sync="TRUE">Geometry</attrtype><attwidth Sync="TRUE">0</attwidth><atprecis Sync="TRUE">0</atprecis><attscale Sync="TRUE">0</attscale><attrdef Sync="TRUE">Feature geometry.</attrdef><attrdefs Sync="TRUE">Esri</attrdefs><attrdomv><udom Sync="TRUE">Coordinates defining the features.</udom></attrdomv></attr><attr><attrlabl Sync="TRUE">COUNTY</attrlabl><attalias Sync="TRUE">COUNTY</attalias><attrtype Sync="TRUE">String</attrtype><attwidth Sync="TRUE">3</attwidth><atprecis Sync="TRUE">0</atprecis><attscale Sync="TRUE">0</attscale></attr><attr><attrlabl Sync="TRUE">NAME</attrlabl><attalias Sync="TRUE">NAME</attalias><attrtype Sync="TRUE">String</attrtype><attwidth Sync="TRUE">90</attwidth><atprecis Sync="TRUE">0</atprecis><attscale Sync="TRUE">0</attscale></attr><attr><attrlabl Sync="TRUE">Shape_Length</attrlabl><attalias Sync="TRUE">Shape_Length</attalias><attrtype Sync="TRUE">Double</attrtype><attwidth Sync="TRUE">8</attwidth><atprecis Sync="TRUE">0</atprecis><attscale Sync="TRUE">0</attscale><attrdef Sync="TRUE">Length of feature in internal units.</attrdef><attrdefs Sync="TRUE">Esri</attrdefs><attrdomv><udom Sync="TRUE">Positive real numbers that are automatically generated.</udom></attrdomv></attr><attr><attrlabl Sync="TRUE">Shape_Area</attrlabl><attalias Sync="TRUE">Shape_Area</attalias><attrtype Sync="TRUE">Double</attrtype><attwidth Sync="TRUE">8</attwidth><atprecis Sync="TRUE">0</atprecis><attscale Sync="TRUE">0</attscale><attrdef Sync="TRUE">Area of feature in internal units squared.</attrdef><attrdefs Sync="TRUE">Esri</attrdefs><attrdomv><udom Sync="TRUE">Positive real numbers that are automatically generated.</udom></attrdomv></attr></detailed></eainfo><mdDateSt Sync="TRUE">20220104</mdDateSt></metadata>
